[{"model": "admin.logentry", "pk": 1, "fields": {"action_time": "2021-11-03T16:13:34.740Z", "user": 1, "content_type": 7, "object_id": "1", "object_repr": "thedom.example.com", "action_flag": 2, "change_message": "[{\"changed\": {\"fields\": [\"Domain name\", \"Display name\"]}}]"}}, {"model": "admin.logentry", "pk": 2, "fields": {"action_time": "2021-11-03T16:24:52.976Z", "user": 1, "content_type": 8, "object_id": "1", "object_repr": "stefan.d.yordanov@gmail.com", "action_flag": 2, "change_message": "[{\"changed\": {\"fields\": [\"Verified\", \"Primary\"]}}]"}}, {"model": "admin.logentry", "pk": 3, "fields": {"action_time": "2021-11-09T12:18:01.504Z", "user": 1, "content_type": 13, "object_id": "1", "object_repr": "front_end", "action_flag": 1, "change_message": "[{\"added\": {}}]"}}, {"model": "admin.logentry", "pk": 4, "fields": {"action_time": "2021-11-09T12:18:21.979Z", "user": 1, "content_type": 13, "object_id": "1", "object_repr": "front_end", "action_flag": 3, "change_message": ""}}, {"model": "admin.logentry", "pk": 5, "fields": {"action_time": "2021-11-09T12:18:50.588Z", "user": 1, "content_type": 13, "object_id": "2", "object_repr": "frontend", "action_flag": 1, "change_message": "[{\"added\": {}}]"}}, {"model": "admin.logentry", "pk": 6, "fields": {"action_time": "2021-11-09T12:19:04.255Z", "user": 1, "content_type": 13, "object_id": "3", "object_repr": "backend", "action_flag": 1, "change_message": "[{\"added\": {}}]"}}, {"model": "admin.logentry", "pk": 7, "fields": {"action_time": "2021-11-09T13:09:10.873Z", "user": 1, "content_type": 14, "object_id": "1", "object_repr": "HTML", "action_flag": 1, "change_message": "[{\"added\": {}}]"}}, {"model": "admin.logentry", "pk": 8, "fields": {"action_time": "2021-11-09T13:15:09.747Z", "user": 1, "content_type": 14, "object_id": "2", "object_repr": "CSS", "action_flag": 1, "change_message": "[{\"added\": {}}]"}}, {"model": "admin.logentry", "pk": 9, "fields": {"action_time": "2021-11-09T13:20:20.545Z", "user": 1, "content_type": 14, "object_id": "3", "object_repr": "JavaScript", "action_flag": 1, "change_message": "[{\"added\": {}}]"}}, {"model": "admin.logentry", "pk": 10, "fields": {"action_time": "2021-11-09T14:48:30.547Z", "user": 1, "content_type": 14, "object_id": "4", "object_repr": "React", "action_flag": 1, "change_message": "[{\"added\": {}}]"}}, {"model": "admin.logentry", "pk": 11, "fields": {"action_time": "2021-11-09T14:48:52.548Z", "user": 1, "content_type": 14, "object_id": "2", "object_repr": "CSS", "action_flag": 2, "change_message": "[{\"changed\": {\"fields\": [\"Description\"]}}]"}}, {"model": "admin.logentry", "pk": 12, "fields": {"action_time": "2021-11-09T14:53:37.027Z", "user": 1, "content_type": 14, "object_id": "5", "object_repr": "Python", "action_flag": 1, "change_message": "[{\"added\": {}}]"}}, {"model": "admin.logentry", "pk": 13, "fields": {"action_time": "2021-11-09T15:08:55.611Z", "user": 1, "content_type": 14, "object_id": "6", "object_repr": "Flask", "action_flag": 1, "change_message": "[{\"added\": {}}]"}}, {"model": "admin.logentry", "pk": 14, "fields": {"action_time": "2021-11-09T15:12:45.520Z", "user": 1, "content_type": 14, "object_id": "7", "object_repr": "Django", "action_flag": 1, "change_message": "[{\"added\": {}}]"}}, {"model": "admin.logentry", "pk": 15, "fields": {"action_time": "2021-11-09T17:41:24.051Z", "user": 1, "content_type": 14, "object_id": "6", "object_repr": "Flask", "action_flag": 2, "change_message": "[{\"changed\": {\"fields\": [\"Image\"]}}]"}}, {"model": "admin.logentry", "pk": 16, "fields": {"action_time": "2021-11-09T17:42:45.373Z", "user": 1, "content_type": 14, "object_id": "6", "object_repr": "Flask", "action_flag": 2, "change_message": "[{\"changed\": {\"fields\": [\"Image\"]}}]"}}, {"model": "admin.logentry", "pk": 17, "fields": {"action_time": "2021-11-09T17:45:04.615Z", "user": 1, "content_type": 14, "object_id": "7", "object_repr": "Django", "action_flag": 2, "change_message": "[{\"changed\": {\"fields\": [\"Image\"]}}]"}}, {"model": "admin.logentry", "pk": 18, "fields": {"action_time": "2021-11-09T17:45:27.919Z", "user": 1, "content_type": 14, "object_id": "7", "object_repr": "Django", "action_flag": 2, "change_message": "[{\"changed\": {\"fields\": [\"Image\"]}}]"}}, {"model": "admin.logentry", "pk": 19, "fields": {"action_time": "2021-11-09T17:50:30.272Z", "user": 1, "content_type": 14, "object_id": "4", "object_repr": "React", "action_flag": 2, "change_message": "[{\"changed\": {\"fields\": [\"Image\"]}}]"}}, {"model": "admin.logentry", "pk": 20, "fields": {"action_time": "2021-11-09T17:50:40.452Z", "user": 1, "content_type": 14, "object_id": "4", "object_repr": "React", "action_flag": 2, "change_message": "[{\"changed\": {\"fields\": [\"Image\"]}}]"}}, {"model": "admin.logentry", "pk": 21, "fields": {"action_time": "2021-11-09T17:50:54.208Z", "user": 1, "content_type": 14, "object_id": "4", "object_repr": "React", "action_flag": 2, "change_message": "[{\"changed\": {\"fields\": [\"Image\"]}}]"}}, {"model": "admin.logentry", "pk": 22, "fields": {"action_time": "2021-11-09T17:51:22.549Z", "user": 1, "content_type": 14, "object_id": "4", "object_repr": "React", "action_flag": 2, "change_message": "[{\"changed\": {\"fields\": [\"Image\"]}}]"}}, {"model": "admin.logentry", "pk": 23, "fields": {"action_time": "2021-11-09T17:54:18.330Z", "user": 1, "content_type": 14, "object_id": "4", "object_repr": "React", "action_flag": 2, "change_message": "[{\"changed\": {\"fields\": [\"Image\"]}}]"}}, {"model": "admin.logentry", "pk": 24, "fields": {"action_time": "2021-11-09T17:54:32.479Z", "user": 1, "content_type": 14, "object_id": "4", "object_repr": "React", "action_flag": 2, "change_message": "[{\"changed\": {\"fields\": [\"Image\"]}}]"}}, {"model": "admin.logentry", "pk": 25, "fields": {"action_time": "2021-11-09T17:55:18.060Z", "user": 1, "content_type": 14, "object_id": "4", "object_repr": "React", "action_flag": 2, "change_message": "[{\"changed\": {\"fields\": [\"Image\"]}}]"}}, {"model": "admin.logentry", "pk": 26, "fields": {"action_time": "2021-11-09T17:55:27.997Z", "user": 1, "content_type": 14, "object_id": "4", "object_repr": "React", "action_flag": 2, "change_message": "[{\"changed\": {\"fields\": [\"Image\"]}}]"}}, {"model": "admin.logentry", "pk": 27, "fields": {"action_time": "2021-11-09T18:06:18.688Z", "user": 1, "content_type": 14, "object_id": "4", "object_repr": "React", "action_flag": 2, "change_message": "[]"}}, {"model": "admin.logentry", "pk": 28, "fields": {"action_time": "2021-11-09T18:10:07.138Z", "user": 1, "content_type": 14, "object_id": "4", "object_repr": "React", "action_flag": 2, "change_message": "[{\"changed\": {\"fields\": [\"Image\"]}}]"}}, {"model": "admin.logentry", "pk": 29, "fields": {"action_time": "2021-11-09T18:10:24.700Z", "user": 1, "content_type": 14, "object_id": "4", "object_repr": "React", "action_flag": 2, "change_message": "[{\"changed\": {\"fields\": [\"Image\"]}}]"}}, {"model": "admin.logentry", "pk": 30, "fields": {"action_time": "2021-11-15T19:14:23.856Z", "user": 1, "content_type": 15, "object_id": "3", "object_repr": "1E2D79B936DC4490BA0DB70D51F760EC", "action_flag": 2, "change_message": "[{\"deleted\": {\"name\": \"order line item\", \"object\": \"ID 3 on order 1E2D79B936DC4490BA0DB70D51F760EC\"}}, {\"deleted\": {\"name\": \"order line item\", \"object\": \"ID 4 on order 1E2D79B936DC4490BA0DB70D51F760EC\"}}]"}}, {"model": "admin.logentry", "pk": 31, "fields": {"action_time": "2021-11-15T19:14:38.630Z", "user": 1, "content_type": 15, "object_id": "3", "object_repr": "1E2D79B936DC4490BA0DB70D51F760EC", "action_flag": 3, "change_message": ""}}, {"model": "admin.logentry", "pk": 32, "fields": {"action_time": "2021-11-15T19:14:38.664Z", "user": 1, "content_type": 15, "object_id": "2", "object_repr": "A0ED545392694F9E84EEAF9B3A394163", "action_flag": 3, "change_message": ""}}, {"model": "admin.logentry", "pk": 33, "fields": {"action_time": "2021-11-15T19:14:38.697Z", "user": 1, "content_type": 15, "object_id": "1", "object_repr": "D0101A7703A94B24BF72B2C776CCDA62", "action_flag": 3, "change_message": ""}}, {"model": "admin.logentry", "pk": 34, "fields": {"action_time": "2021-11-17T22:30:00.577Z", "user": 1, "content_type": 14, "object_id": "10", "object_repr": "blabla", "action_flag": 3, "change_message": ""}}, {"model": "admin.logentry", "pk": 35, "fields": {"action_time": "2021-11-17T22:30:16.964Z", "user": 1, "content_type": 14, "object_id": "9", "object_repr": "Tailwind", "action_flag": 3, "change_message": ""}}, {"model": "admin.logentry", "pk": 36, "fields": {"action_time": "2021-11-17T22:30:16.996Z", "user": 1, "content_type": 14, "object_id": "11", "object_repr": "boo", "action_flag": 3, "change_message": ""}}, {"model": "admin.logentry", "pk": 37, "fields": {"action_time": "2021-11-17T22:30:17.033Z", "user": 1, "content_type": 14, "object_id": "8", "object_repr": "tailwind", "action_flag": 3, "change_message": ""}}, {"model": "admin.logentry", "pk": 38, "fields": {"action_time": "2021-11-18T08:07:13.274Z", "user": 1, "content_type": 14, "object_id": "1", "object_repr": "HTML", "action_flag": 2, "change_message": "[{\"changed\": {\"fields\": [\"Video\"]}}]"}}, {"model": "admin.logentry", "pk": 39, "fields": {"action_time": "2021-11-18T08:07:17.417Z", "user": 1, "content_type": 14, "object_id": "1", "object_repr": "HTML", "action_flag": 2, "change_message": "[]"}}, {"model": "admin.logentry", "pk": 40, "fields": {"action_time": "2021-11-18T08:11:08.550Z", "user": 1, "content_type": 14, "object_id": "2", "object_repr": "CSS", "action_flag": 2, "change_message": "[{\"changed\": {\"fields\": [\"Video\"]}}]"}}, {"model": "admin.logentry", "pk": 41, "fields": {"action_time": "2021-11-18T08:11:12.428Z", "user": 1, "content_type": 14, "object_id": "2", "object_repr": "CSS", "action_flag": 2, "change_message": "[]"}}, {"model": "admin.logentry", "pk": 42, "fields": {"action_time": "2021-11-18T08:13:13.095Z", "user": 1, "content_type": 14, "object_id": "3", "object_repr": "JavaScript", "action_flag": 2, "change_message": "[{\"changed\": {\"fields\": [\"Video\"]}}]"}}, {"model": "admin.logentry", "pk": 43, "fields": {"action_time": "2021-11-18T08:14:15.843Z", "user": 1, "content_type": 14, "object_id": "3", "object_repr": "JavaScript", "action_flag": 2, "change_message": "[]"}}, {"model": "admin.logentry", "pk": 44, "fields": {"action_time": "2021-11-18T12:53:18.028Z", "user": 1, "content_type": 14, "object_id": "13", "object_repr": "Test Course", "action_flag": 3, "change_message": ""}}, {"model": "admin.logentry", "pk": 45, "fields": {"action_time": "2021-11-18T12:53:18.061Z", "user": 1, "content_type": 14, "object_id": "12", "object_repr": "Test Course", "action_flag": 3, "change_message": ""}}, {"model": "auth.user", "pk": 1, "fields": {"password": "pbkdf2_sha256$260000$YwmR2qgo7BK0INFPrwfLYI$OkW2xKvEgSAUrKlJVZeRjEYhkeY8A9/az4KObLJdWRs=", "last_login": "2021-11-18T17:08:40.978Z", "is_superuser": true, "username": "steff880", "first_name": "", "last_name": "", "email": "stefan.d.yordanov@gmail.com", "is_staff": true, "is_active": true, "date_joined": "2021-11-03T15:57:32.595Z", "groups": [], "user_permissions": []}}, {"model": "auth.user", "pk": 2, "fields": {"password": "pbkdf2_sha256$260000$GKC1H7dyBlIpJKipCTIYh6$Rf8uh1ncpZI1SZZm1WGF0tfPxUTYYH2z17IGWnskFKg=", "last_login": "2021-11-18T08:53:06.176Z", "is_superuser": false, "username": "justTesting", "first_name": "", "last_name": "", "email": "test@test.com", "is_staff": false, "is_active": true, "date_joined": "2021-11-17T12:35:52.117Z", "groups": [], "user_permissions": []}}, {"model": "sessions.session", "pk": "2twr7nwxs4wumhfmid6hjt9ru1hrbynt", "fields": {"session_data": ".eJxVjEEOgyAQRe_CuiGgBRyX3fcMBGZGpW2wEU3aGO_emrhx-9_7bxUx9KJdt4vwYZkHvxSefCLRCi1OWwz45LwDeoTcjxLHPE8pyl2RBy3yPhK_bod7CgyhDP93g0BVYKd03dA1BgYC0xHWqDVpNBGirQGrhpWtnLWAFnRntAKjyVm3RwuXksbs-fNO01e0avsBuBFBkQ:1mnkvF:ElhbNsG3smzEnkK81gG9RYGgDomQzDYvk62t21dxByM", "expire_date": "2021-12-02T17:10:05.794Z"}}, {"model": "sessions.session", "pk": "3743igetkim79dfxxr4rchnqjn371n1i", "fields": {"session_data": "eyJfbWVzc2FnZXMiOiJbW1wiX19qc29uX21lc3NhZ2VcIiwgMCwgMjUsIFwiWW91IGhhdmUgc2lnbmVkIG91dC5cIl1dIn0:1mnK78:NEX67grmOQBcArJt_t3Zh5yPOOK1hGWwS3TZJD70p-E", "expire_date": "2021-12-01T12:32:34.485Z"}}, {"model": "sessions.session", "pk": "adrne41ett9co3c1kl1vn8yvcgspqmze", "fields": {"session_data": "e30:1mnFKG:Uh04_RKq5nd9AzEiUk1vYFxX367vWFq3uNQhrWHU7us", "expire_date": "2021-12-01T07:25:48.033Z"}}, {"model": "sessions.session", "pk": "e10ap38p7c2p3n9p3kbf3se6cor4f3qv", "fields": {"session_data": ".eJxVjEEOwiAQRe_C2jRMK9Bx6d4zEJiZWtSAKW2iMd5dm3Sh2__efy_lwzKPfqky-cTqoEDtfrcY6Cp5BXwJ-VwaKnmeUmxWpdlobU6F5Xbc3L_AGOr4ffeE3AZxGrqe9zEIMpqBqSMABjIRo-2Q2l60bZ21SBZhMKDRADvr1miVWlPJXh73ND3VQb8_krM-xQ:1miJ4u:4IWItHLmQX32_YJSTPcDjFc0fHoKxCtek3t-gyN8XSE", "expire_date": "2021-11-17T16:25:32.396Z"}}, {"model": "sessions.session", "pk": "gkwhzw132d1e11aqi5cpsilet0vxtnku", "fields": {"session_data": ".eJxVTjkOwyAQ_MvWCHnBgKFMnzdYsIuPJLIlH5XlvwdLLpJmpDk1B7Rx34Z2X_PSjgwBEMSvliK983QZ_IpTP0uap20Zk7wi8nZX-Zw5fx539m9giOtQ2g15VjG7CnXDdYrZszcdkyZERjLJJ6s9qSZXVjlrPVmPncHKG2RnXRlNsYdwlIMBlQADwQrQhQioC57nF45jPpg:1mlbm3:DNlw6zSKDYdUh3oHVS0SkxyuDRTvq6qikVVQPluTbe0", "expire_date": "2021-11-26T18:59:43.606Z"}}, {"model": "sessions.session", "pk": "vnwunvkj5p0azk5i79bx7qq1hlw0u1o3", "fields": {"session_data": ".eJxVjEEOwiAQRe_C2jRMK9Bx6d4zEJiZWtSAKW2iMd5dm3Sh2__efy_lwzKPfqky-cTqoEDtfrcY6Cp5BXwJ-VwaKnmeUmxWpdlobU6F5Xbc3L_AGOr4ffeE3AZxGrqe9zEIMpqBqSMABjIRo-2Q2l60bZ21SBZhMKDRADvr1miVWlPJXh73ND3VQb8_krM-xQ:1mnkhG:dy4P6wWHYLHVrj5Gk204t7zg-ZoBQvWg35dtGSt9H0k", "expire_date": "2021-12-02T16:55:38.827Z"}}, {"model": "sessions.session", "pk": "w4bwld5ar60put6mwpp3lqx0gi8u486g", "fields": {"session_data": "e30:1mnFIP:lSfvR9L7cpPxEfcloqR_UTLNRqvrQD3byTzzFfu7dm8", "expire_date": "2021-12-01T07:23:53.887Z"}}, {"model": "sites.site", "pk": 1, "fields": {"domain": "thedom.example.com", "name": "TheDOM"}}, {"model": "account.emailaddress", "pk": 1, "fields": {"user": 1, "email": "stefan.d.yordanov@gmail.com", "verified": true, "primary": true}}, {"model": "account.emailaddress", "pk": 2, "fields": {"user": 2, "email": "test@test.com", "verified": true, "primary": true}}, {"model": "courses.category", "pk": 2, "fields": {"name": "frontend", "friendly_name": "Frontend"}}, {"model": "courses.category", "pk": 3, "fields": {"name": "backend", "friendly_name": "Backend"}}, {"model": "courses.course", "pk": 1, "fields": {"category": 2, "name": "HTML", "description": "The HyperText Markup Language or HTML is the standard markup language for documents designed to be displayed in a web browser. It can be assisted by technologies such as Cascading Style Sheets (CSS) and scripting languages such as JavaScript.\r\nWeb browsers receive HTML documents from a web server or local storage and render the documents into multimedia web pages.", "price": "28.99", "image": "html-logo2.png", "video": "https://www.youtube.com/embed/pQN-pnXPaVg"}}, {"model": "courses.course", "pk": 2, "fields": {"category": 2, "name": "CSS", "description": "Cascading Style Sheets (CSS) is a style sheet language used for describing the presentation of a document written in a markup language such as HTML. CSS is a cornerstone technology of the World Wide Web, alongside HTML and JavaScript.\r\nCSS is designed to enable the separation of presentation and content, including layout, colors, and fonts. This separation can improve content accessibility, provide more flexibility and control in the specification of presentation characteristics.", "price": "35.99", "image": "css-logo.png", "video": "https://www.youtube.com/embed/1Rs2ND1ryYc"}}, {"model": "courses.course", "pk": 3, "fields": {"category": 2, "name": "JavaScript", "description": "JavaScript is a text-based programming language used both on the client-side and server-side that allows you to make web pages interactive. Where HTML and CSS are languages that give structure and style to web pages, JavaScript gives web pages interactive elements that engage a user.\r\nIncorporating JavaScript improves the user experience of the web page by converting it from a static page into an interactive one.", "price": "40.99", "image": "js-logo.png", "video": "https://www.youtube.com/embed/PkZNo7MFNFg"}}, {"model": "courses.course", "pk": 4, "fields": {"category": 2, "name": "React", "description": "React (also known as React. js or ReactJS) is a free and open-source front-end JavaScript library for building user interfaces or UI components.\r\nReact can be used as a base in the development of single-page or mobile applications.", "price": "37.99", "image": "react-logo4.png", "video": "https://www.youtube.com/watch?v=4UZrsTqkcW4"}}, {"model": "courses.course", "pk": 5, "fields": {"category": 3, "name": "Python", "description": "Python is a computer programming language often used to build websites and software, automate tasks, and conduct data analysis. Python is a general-purpose language, meaning it can be used to create a variety of different programs and isn’t specialized for any specific problems. This versatility, along with its beginner-friendliness, has made it one of the most-used programming languages today.", "price": "39.99", "image": "python-logo.png", "video": "https://www.youtube.com/watch?v=rfscVS0vtbw"}}, {"model": "courses.course", "pk": 6, "fields": {"category": 3, "name": "Flask", "description": "Flask is a web framework. This means flask provides you with tools, libraries, and technologies that allow you to build a web application. This web application can be some web pages, a blog, a wiki, or go as big as a web-based calendar application or a commercial website.\r\nFlask is part of the categories of the micro-framework. Micro-framework is normally a framework with little to no dependencies on external libraries.", "price": "19.99", "image": "flask-logo_rAWXW4r.png", "video": "https://www.youtube.com/watch?v=Z1RJmh_OqeA"}}, {"model": "courses.course", "pk": 7, "fields": {"category": 3, "name": "Django", "description": "Django s a Python-based free and open-source web framework that follows the model–template–views architectural pattern.\r\nDjango's primary goal is to ease the creation of complex, database-driven websites. The framework emphasizes reusability and \"pluggability\" of components, less code, low coupling, rapid development, and the principle of don't repeat yourself.", "price": "24.99", "image": "django-logo.png", "video": "https://www.youtube.com/watch?v=F5mRW0jo-U4"}}, {"model": "checkout.order", "pk": 4, "fields": {"order_number": "1D6E1B372E704AFFBC53F1F1E913B147", "user_profile": null, "full_name": "John Smith", "email": "john.smith@gmail.com", "phone_number": "1234567890", "country": "US", "date": "2021-11-15T19:16:25.742Z", "discount": "3.60", "order_total": "35.99", "grand_total": "32.39", "original_bag": "", "stripe_pid": ""}}, {"model": "checkout.order", "pk": 5, "fields": {"order_number": "512915B6E583419A92AB86325AB44203", "user_profile": null, "full_name": "John Smith", "email": "john.smith@gmail.com", "phone_number": "1234567890", "country": "US", "date": "2021-11-15T20:35:02.682Z", "discount": "3.60", "order_total": "35.99", "grand_total": "32.39", "original_bag": "", "stripe_pid": ""}}, {"model": "checkout.order", "pk": 6, "fields": {"order_number": "E8777855DC284A18AA92AE37C4242D88", "user_profile": null, "full_name": "John Smith", "email": "john.smith@gmail.com", "phone_number": "1234567890", "country": "US", "date": "2021-11-16T09:31:11.578Z", "discount": "3.60", "order_total": "35.99", "grand_total": "32.39", "original_bag": "", "stripe_pid": ""}}, {"model": "checkout.order", "pk": 7, "fields": {"order_number": "A366C5A3227E465D8CACC9455E6701AA", "user_profile": null, "full_name": "John Smith", "email": "john.smith@gmail.com", "phone_number": "1234567890", "country": "US", "date": "2021-11-16T10:31:43.993Z", "discount": "0.00", "order_total": "29.99", "grand_total": "29.99", "original_bag": "", "stripe_pid": ""}}, {"model": "checkout.order", "pk": 8, "fields": {"order_number": "3CE61DE2B3364F7B9E18B7CA31CB30BC", "user_profile": null, "full_name": "John Smith", "email": "john.smith@gmail.com", "phone_number": "1234567890", "country": "US", "date": "2021-11-16T11:48:18.017Z", "discount": "3.60", "order_total": "35.99", "grand_total": "32.39", "original_bag": "", "stripe_pid": ""}}, {"model": "checkout.order", "pk": 9, "fields": {"order_number": "C340A155FAFC4F53A04E54BCA4D3A9B7", "user_profile": null, "full_name": "John Smith", "email": "john.smith@gmail.com", "phone_number": "1234567890", "country": "US", "date": "2021-11-16T11:59:52.695Z", "discount": "3.60", "order_total": "35.99", "grand_total": "32.39", "original_bag": "", "stripe_pid": ""}}, {"model": "checkout.order", "pk": 10, "fields": {"order_number": "C559B3C3C286463A83DC71463DCF8BFE", "user_profile": null, "full_name": "John Smith", "email": "john.smith@gmail.com", "phone_number": "1234567890", "country": "US", "date": "2021-11-16T14:49:47.624Z", "discount": "7.10", "order_total": "70.98", "grand_total": "63.88", "original_bag": "{\"1\": 1, \"3\": 1}", "stripe_pid": "pi_3JwSy6GOeR1XPIDz0rUMJ9tk"}}, {"model": "checkout.order", "pk": 11, "fields": {"order_number": "194D484C615E4E0D83C5678D5B9A46F2", "user_profile": null, "full_name": "John Smith", "email": "john.smith@gmail.com", "phone_number": "1234567890", "country": "US", "date": "2021-11-16T14:55:45.173Z", "discount": "3.60", "order_total": "35.99", "grand_total": "32.39", "original_bag": "{\"2\": 1}", "stripe_pid": "pi_3JwT49GOeR1XPIDz1AsSpb0B"}}, {"model": "checkout.order", "pk": 12, "fields": {"order_number": "6DFC79CB0BC44F5CAD288BF5F12D550E", "user_profile": null, "full_name": "John Smith", "email": "john.smith@gmail.com", "phone_number": "1234567890", "country": "US", "date": "2021-11-16T14:57:27.426Z", "discount": "4.10", "order_total": "40.99", "grand_total": "36.89", "original_bag": "{\"3\": 1}", "stripe_pid": "pi_3JwT5kGOeR1XPIDz0gwBlICT"}}, {"model": "checkout.order", "pk": 13, "fields": {"order_number": "1C102EEA10D840578C1876E087C14F93", "user_profile": null, "full_name": "John Smith", "email": "john.smith@gmail.com", "phone_number": "1234567890", "country": "US", "date": "2021-11-16T15:01:45.908Z", "discount": "4.10", "order_total": "40.99", "grand_total": "36.89", "original_bag": "{\"3\": 1}", "stripe_pid": "pi_3JwTA3GOeR1XPIDz1l8bmqlA"}}, {"model": "checkout.order", "pk": 14, "fields": {"order_number": "332851C857E74F86BA8D9946F38E551E", "user_profile": null, "full_name": "John Smith", "email": "john.smith@gmail.com", "phone_number": "1234567890", "country": "US", "date": "2021-11-16T15:06:52.717Z", "discount": "3.60", "order_total": "35.99", "grand_total": "32.39", "original_bag": "{\"2\": 1}", "stripe_pid": "pi_3JwTEzGOeR1XPIDz1mJG8onA"}}, {"model": "checkout.order", "pk": 15, "fields": {"order_number": "3D78B000CDA54102A59FF5D517F35D95", "user_profile": null, "full_name": "John Smith", "email": "john.smith@gmail.com", "phone_number": "1234567890", "country": "US", "date": "2021-11-16T15:10:40.341Z", "discount": "3.80", "order_total": "37.99", "grand_total": "34.19", "original_bag": "{\"4\": 1}", "stripe_pid": "pi_3JwTIJGOeR1XPIDz1LBDGPLt"}}, {"model": "checkout.order", "pk": 16, "fields": {"order_number": "8F16E76562F74E0496113F62F531DA72", "user_profile": null, "full_name": "John Smith", "email": "john.smith@gmail.com", "phone_number": "1234567890", "country": "US", "date": "2021-11-16T15:15:04.003Z", "discount": "3.80", "order_total": "37.99", "grand_total": "34.19", "original_bag": "{\"4\": 1}", "stripe_pid": "pi_3JwTMfGOeR1XPIDz03RUksFO"}}, {"model": "checkout.order", "pk": 17, "fields": {"order_number": "FFAFF45375B84EF4A1A5FBA86AD4CDAD", "user_profile": 2, "full_name": "John Davis", "email": "john@test.com", "phone_number": "1234567890", "country": "AU", "date": "2021-11-17T15:32:30.352Z", "discount": "3.60", "order_total": "35.99", "grand_total": "32.39", "original_bag": "{\"2\": 1}", "stripe_pid": "pi_3Jwq6KGOeR1XPIDz1lLSkdOn"}}, {"model": "checkout.order", "pk": 18, "fields": {"order_number": "7473CEF5D192409AB62D36184EA1E1B2", "user_profile": 2, "full_name": "John Davis", "email": "john@test.com", "phone_number": "1234567890", "country": "AU", "date": "2021-11-17T15:41:38.704Z", "discount": "4.10", "order_total": "40.99", "grand_total": "36.89", "original_bag": "{\"3\": 1}", "stripe_pid": "pi_3JwqFuGOeR1XPIDz092r015J"}}, {"model": "checkout.order", "pk": 19, "fields": {"order_number": "62D529B6ED4C42C5A9A3008CDB9E0D6F", "user_profile": 2, "full_name": "John Davis", "email": "john@davis.com", "phone_number": "1234567890", "country": "IE", "date": "2021-11-17T15:50:15.622Z", "discount": "4.10", "order_total": "40.99", "grand_total": "36.89", "original_bag": "{\"3\": 1}", "stripe_pid": "pi_3JwqNvGOeR1XPIDz0gmSkwEt"}}, {"model": "checkout.order", "pk": 20, "fields": {"order_number": "BDFE4ED0B0BB43DD94AF7DD68244F2E2", "user_profile": 2, "full_name": "sasd", "email": "as@sd.com", "phone_number": "1234567890", "country": "AS", "date": "2021-11-17T15:51:48.197Z", "discount": "3.80", "order_total": "37.99", "grand_total": "34.19", "original_bag": "{\"4\": 1}", "stripe_pid": "pi_3JwqPwGOeR1XPIDz1wsShFWJ"}}, {"model": "checkout.order", "pk": 21, "fields": {"order_number": "33242734884B466FB2AE3B708AF3714B", "user_profile": 1, "full_name": "Steff Yo", "email": "steff@yo.com", "phone_number": "1234567890", "country": "BG", "date": "2021-11-17T15:54:32.562Z", "discount": "0.00", "order_total": "29.99", "grand_total": "29.99", "original_bag": "{\"1\": 1}", "stripe_pid": "pi_3JwqSBGOeR1XPIDz1wTGCOfe"}}, {"model": "checkout.order", "pk": 22, "fields": {"order_number": "B4C9B786DB13417FABEE79C50ECE8106", "user_profile": 1, "full_name": "dfdf", "email": "as@sd.com", "phone_number": "1234567890", "country": "AR", "date": "2021-11-17T16:18:37.317Z", "discount": "4.10", "order_total": "40.99", "grand_total": "36.89", "original_bag": "{\"3\": 1}", "stripe_pid": "pi_3JwqovGOeR1XPIDz13r7todC"}}, {"model": "checkout.order", "pk": 23, "fields": {"order_number": "D438439993274DCF84F5441C4E2A42D3", "user_profile": 1, "full_name": "asdssds", "email": "as@sd.com", "phone_number": "1234567890", "country": "BB", "date": "2021-11-17T16:42:25.381Z", "discount": "3.60", "order_total": "35.99", "grand_total": "32.39", "original_bag": "{\"2\": 1}", "stripe_pid": "pi_3JwrD0GOeR1XPIDz1khdyCn3"}}, {"model": "checkout.order", "pk": 24, "fields": {"order_number": "2C1B7912332F416889B7EC320594A2C6", "user_profile": 1, "full_name": "John Davis", "email": "john@davis.com", "phone_number": "1234567890", "country": "AU", "date": "2021-11-17T16:46:30.297Z", "discount": "3.60", "order_total": "35.99", "grand_total": "32.39", "original_bag": "{\"2\": 1}", "stripe_pid": "pi_3JwrGoGOeR1XPIDz1ElZpyCX"}}, {"model": "checkout.order", "pk": 25, "fields": {"order_number": "23911E06678C4047940D7478187891EF", "user_profile": 1, "full_name": "Steff Yo", "email": "steff@yo.com", "phone_number": "1234567890", "country": "BG", "date": "2021-11-17T16:49:45.089Z", "discount": "3.80", "order_total": "37.99", "grand_total": "34.19", "original_bag": "{\"4\": 1}", "stripe_pid": "pi_3JwrJdGOeR1XPIDz0PXsqJio"}}, {"model": "checkout.order", "pk": 26, "fields": {"order_number": "D357E032A9FE4F8F9D8A327B64F48721", "user_profile": 1, "full_name": "Steff Yo", "email": "steff@yo.com", "phone_number": "1234567890", "country": "BG", "date": "2021-11-17T16:55:29.474Z", "discount": "0.00", "order_total": "29.99", "grand_total": "29.99", "original_bag": "{\"1\": 1}", "stripe_pid": "pi_3JwrPWGOeR1XPIDz1MHv54VT"}}, {"model": "checkout.order", "pk": 27, "fields": {"order_number": "043C41009E2049C1A442C57EBC7388C8", "user_profile": 1, "full_name": "Steff Yo", "email": "steff@yo.com", "phone_number": "1234567890", "country": "BG", "date": "2021-11-17T17:33:19.634Z", "discount": "3.60", "order_total": "35.99", "grand_total": "32.39", "original_bag": "{\"2\": 1}", "stripe_pid": "pi_3Jws04GOeR1XPIDz0hA1rbwk"}}, {"model": "checkout.order", "pk": 28, "fields": {"order_number": "E0AA31942F6D4B20AD4C436DAF8A4927", "user_profile": 2, "full_name": "John Davis", "email": "john@davis.com", "phone_number": "1234567890", "country": "AU", "date": "2021-11-17T17:37:33.293Z", "discount": "4.10", "order_total": "40.99", "grand_total": "36.89", "original_bag": "{\"3\": 1}", "stripe_pid": "pi_3Jws47GOeR1XPIDz10KvJHGh"}}, {"model": "checkout.order", "pk": 29, "fields": {"order_number": "A838032160C740CF99FE2B59F7C06220", "user_profile": 2, "full_name": "Testing Confirmation Email", "email": "john@davis.com", "phone_number": "1234567890", "country": "AU", "date": "2021-11-17T18:13:23.918Z", "discount": "4.50", "order_total": "44.98", "grand_total": "40.48", "original_bag": "{\"7\": 1, \"6\": 1}", "stripe_pid": "pi_3JwscDGOeR1XPIDz1bS1kZCL"}}, {"model": "checkout.order", "pk": 30, "fields": {"order_number": "9CA9DE571B16436B8AF1B7E55DF7C57B", "user_profile": 2, "full_name": "Test", "email": "john@davis.com", "phone_number": "1234567890", "country": "AU", "date": "2021-11-17T18:20:25.164Z", "discount": "3.80", "order_total": "37.99", "grand_total": "34.19", "original_bag": "{\"4\": 1}", "stripe_pid": "pi_3JwsjeGOeR1XPIDz0fawl3ib"}}, {"model": "checkout.order", "pk": 31, "fields": {"order_number": "665AD08959924FE682D045D1F616D318", "user_profile": 2, "full_name": "Testing Confirmation Email", "email": "john@davis.com", "phone_number": "1234567890", "country": "AU", "date": "2021-11-17T18:28:59.105Z", "discount": "4.10", "order_total": "40.99", "grand_total": "36.89", "original_bag": "{\"3\": 1}", "stripe_pid": "pi_3Jwss7GOeR1XPIDz0qwubg9h"}}, {"model": "checkout.order", "pk": 32, "fields": {"order_number": "243427E47CB1408A9D8E5A09446A79FB", "user_profile": 1, "full_name": "Steff Yo", "email": "steff@yo.com", "phone_number": "1234567890", "country": "BG", "date": "2021-11-18T08:46:34.465Z", "discount": "3.60", "order_total": "35.99", "grand_total": "32.39", "original_bag": "{\"2\": 1}", "stripe_pid": "pi_3Jx6FuGOeR1XPIDz0nemVPng"}}, {"model": "checkout.orderlineitem", "pk": 6, "fields": {"order": 4, "course": 2, "quantity": 1, "lineitem_total": "35.99"}}, {"model": "checkout.orderlineitem", "pk": 7, "fields": {"order": 5, "course": 2, "quantity": 1, "lineitem_total": "35.99"}}, {"model": "checkout.orderlineitem", "pk": 8, "fields": {"order": 6, "course": 2, "quantity": 1, "lineitem_total": "35.99"}}, {"model": "checkout.orderlineitem", "pk": 9, "fields": {"order": 7, "course": 1, "quantity": 1, "lineitem_total": "29.99"}}, {"model": "checkout.orderlineitem", "pk": 10, "fields": {"order": 8, "course": 2, "quantity": 1, "lineitem_total": "35.99"}}, {"model": "checkout.orderlineitem", "pk": 11, "fields": {"order": 9, "course": 2, "quantity": 1, "lineitem_total": "35.99"}}, {"model": "checkout.orderlineitem", "pk": 12, "fields": {"order": 10, "course": 1, "quantity": 1, "lineitem_total": "29.99"}}, {"model": "checkout.orderlineitem", "pk": 13, "fields": {"order": 10, "course": 3, "quantity": 1, "lineitem_total": "40.99"}}, {"model": "checkout.orderlineitem", "pk": 14, "fields": {"order": 11, "course": 2, "quantity": 1, "lineitem_total": "35.99"}}, {"model": "checkout.orderlineitem", "pk": 15, "fields": {"order": 12, "course": 3, "quantity": 1, "lineitem_total": "40.99"}}, {"model": "checkout.orderlineitem", "pk": 16, "fields": {"order": 13, "course": 3, "quantity": 1, "lineitem_total": "40.99"}}, {"model": "checkout.orderlineitem", "pk": 17, "fields": {"order": 14, "course": 2, "quantity": 1, "lineitem_total": "35.99"}}, {"model": "checkout.orderlineitem", "pk": 18, "fields": {"order": 15, "course": 4, "quantity": 1, "lineitem_total": "37.99"}}, {"model": "checkout.orderlineitem", "pk": 19, "fields": {"order": 16, "course": 4, "quantity": 1, "lineitem_total": "37.99"}}, {"model": "checkout.orderlineitem", "pk": 20, "fields": {"order": 17, "course": 2, "quantity": 1, "lineitem_total": "35.99"}}, {"model": "checkout.orderlineitem", "pk": 21, "fields": {"order": 18, "course": 3, "quantity": 1, "lineitem_total": "40.99"}}, {"model": "checkout.orderlineitem", "pk": 22, "fields": {"order": 19, "course": 3, "quantity": 1, "lineitem_total": "40.99"}}, {"model": "checkout.orderlineitem", "pk": 23, "fields": {"order": 20, "course": 4, "quantity": 1, "lineitem_total": "37.99"}}, {"model": "checkout.orderlineitem", "pk": 24, "fields": {"order": 21, "course": 1, "quantity": 1, "lineitem_total": "29.99"}}, {"model": "checkout.orderlineitem", "pk": 25, "fields": {"order": 22, "course": 3, "quantity": 1, "lineitem_total": "40.99"}}, {"model": "checkout.orderlineitem", "pk": 26, "fields": {"order": 23, "course": 2, "quantity": 1, "lineitem_total": "35.99"}}, {"model": "checkout.orderlineitem", "pk": 27, "fields": {"order": 24, "course": 2, "quantity": 1, "lineitem_total": "35.99"}}, {"model": "checkout.orderlineitem", "pk": 28, "fields": {"order": 25, "course": 4, "quantity": 1, "lineitem_total": "37.99"}}, {"model": "checkout.orderlineitem", "pk": 29, "fields": {"order": 26, "course": 1, "quantity": 1, "lineitem_total": "29.99"}}, {"model": "checkout.orderlineitem", "pk": 30, "fields": {"order": 27, "course": 2, "quantity": 1, "lineitem_total": "35.99"}}, {"model": "checkout.orderlineitem", "pk": 31, "fields": {"order": 28, "course": 3, "quantity": 1, "lineitem_total": "40.99"}}, {"model": "checkout.orderlineitem", "pk": 32, "fields": {"order": 29, "course": 7, "quantity": 1, "lineitem_total": "24.99"}}, {"model": "checkout.orderlineitem", "pk": 33, "fields": {"order": 29, "course": 6, "quantity": 1, "lineitem_total": "19.99"}}, {"model": "checkout.orderlineitem", "pk": 34, "fields": {"order": 30, "course": 4, "quantity": 1, "lineitem_total": "37.99"}}, {"model": "checkout.orderlineitem", "pk": 35, "fields": {"order": 31, "course": 3, "quantity": 1, "lineitem_total": "40.99"}}, {"model": "checkout.orderlineitem", "pk": 36, "fields": {"order": 32, "course": 2, "quantity": 1, "lineitem_total": "35.99"}}, {"model": "profiles.userprofile", "pk": 1, "fields": {"user": 1, "default_full_name": "Steff Yo", "default_email": "steff@yo.com", "default_phone_number": "1234567890", "default_country": "BG"}}, {"model": "profiles.userprofile", "pk": 2, "fields": {"user": 2, "default_full_name": "John Johnson", "default_email": "john@test.com", "default_phone_number": "1222222222", "default_country": "KH"}}]